﻿<xml xmlns="https://blockscad3d.com"><version num="1.10.2"></version><color rgba="255,128,255"></color><block type="controls_for" id="fXo]s}D|`2?}Ld]8kE%^" x="-461" y="-451"><field name="VAR">i</field><field name="HULL">FALSE</field><value name="FROM"><shadow type="math_number" id="n1Pp(DdTe0PQpGaBo1L}"><field name="NUM">1</field></shadow></value><value name="TO"><shadow type="math_number" id="Cba=-~@L/J/s(#ih(]M/"><field name="NUM">360</field></shadow></value><value name="BY"><shadow type="math_number" id="Brw`736=ix!9{7K[j!O7"><field name="NUM">60</field></shadow></value><statement name="DO"><block type="simplerotate" id="9cj*7qkvZV7d9z*%}]zI"><mutation plus="9"></mutation><value name="XVAL"><shadow type="math_angle" id="{~01uIlRMBwGaT,.W)^N"><field name="NUM">0</field></shadow></value><value name="YVAL"><shadow type="math_angle" id=")YnfIx9|a|=5uW_!#o1!"><field name="NUM">0</field></shadow></value><value name="ZVAL"><shadow xmlns="https://blockscad3d.com" type="math_angle" id="*[yL6bpKRt(]4H!IW^iV"><field name="NUM">45</field></shadow><block type="variables_get" id="r9=T-vdZU;c=+%ynrI`H"><field name="VAR">i</field></block></value><statement name="A"><block type="translate" id="*U=x=3Da)m?[m@4%dn?q"><value name="XVAL"><shadow type="math_number" id="kv`]+Ngv19ztW]G{%C|3"><field name="NUM">27</field></shadow></value><value name="YVAL"><shadow type="math_number" id=",iM^E|w-9GF{=Zo==A-a"><field name="NUM">0</field></shadow></value><value name="ZVAL"><shadow type="math_number" id="{:}`IXbec_S3B60Ch*_]"><field name="NUM">0</field></shadow></value><statement name="A"><block type="cube" id="?X=TNK2t@IoF))s6=LGB"><field name="CENTERDROPDOWN">true</field><value name="XVAL"><shadow type="math_number" id="I/Hf+v)WS9)HO){87AV6"><field name="NUM">55</field></shadow></value><value name="YVAL"><shadow type="math_number" id=":r[@tXggb0v3Z(j}ZbSU"><field name="NUM">5</field></shadow></value><value name="ZVAL"><shadow type="math_number" id="Zup1K#0`cc14{+l6d=ZD"><field name="NUM">2</field></shadow></value></block></statement></block></statement><statement name="PLUS1"><block type="simplerotate" id="-YhKuVp~*;JHm_u)MvgJ"><value name="XVAL"><shadow type="math_angle" id="6H|h2NP1A/X23.Hv-0-A"><field name="NUM">0</field></shadow></value><value name="YVAL"><shadow type="math_angle" id="`0emy)Dueg093TMx@OQQ"><field name="NUM">0</field></shadow></value><value name="ZVAL"><shadow type="math_angle" id="(kOuQbJ%/D-CEb`1BzYt"><field name="NUM">45</field></shadow></value><statement name="A"><block type="translate" id=";9.8FvcTeU^mzM!`RD~T"><value name="XVAL"><shadow type="math_number" id="1pKd?2Zl9r2JkPOks2ab"><field name="NUM">28</field></shadow></value><value name="YVAL"><shadow type="math_number" id="^|d8!-8lQ2qTMPE_J#rT"><field name="NUM">-34</field></shadow></value><value name="ZVAL"><shadow type="math_number" id="TzsSFa=~!%?]^T=HOfGN"><field name="NUM">0</field></shadow></value><statement name="A"><block type="cube" id="h]hXavAZe;n[YaeaV%c}"><field name="CENTERDROPDOWN">true</field><value name="XVAL"><shadow type="math_number" id="2?J(2I8;=Gqsg?6rn!Gp"><field name="NUM">5</field></shadow></value><value name="YVAL"><shadow type="math_number" id=")mb9^[6F}}k2.Br:z8=k"><field name="NUM">10</field></shadow></value><value name="ZVAL"><shadow type="math_number" id="ZZ@FB[DXG:Q}ABJy!B|/"><field name="NUM">2</field></shadow></value></block></statement></block></statement></block></statement><statement name="PLUS2"><block type="simplerotate" id="JU%{l)|d{;~1kp)edthl"><value name="XVAL"><shadow type="math_angle" id="SLE^{OQsA16fkbWNXWvD"><field name="NUM">0</field></shadow></value><value name="YVAL"><shadow type="math_angle" id="CYfG9LKVAYY*M6{/H[ET"><field name="NUM">0</field></shadow></value><value name="ZVAL"><shadow type="math_angle" id="Ijoe_Z4%m8@voc-{W2Px"><field name="NUM">315</field></shadow></value><statement name="A"><block type="translate" id="%TYI#w1,iJ:3q1i#Nr=X"><value name="XVAL"><shadow type="math_number" id="V!BVu[hXEiLt`GbC/.my"><field name="NUM">28</field></shadow></value><value name="YVAL"><shadow type="math_number" id="Yr*i(,}4nCGO];r=VG?T"><field name="NUM">34</field></shadow></value><value name="ZVAL"><shadow type="math_number" id="D{k@U72bC#T^U1hfEJzY"><field name="NUM">0</field></shadow></value><statement name="A"><block type="cube" id="ieH~/oWKeHP75q)=Bm%#"><field name="CENTERDROPDOWN">true</field><value name="XVAL"><shadow type="math_number" id="ujRT}u3h.}.k^tt!PHFP"><field name="NUM">5</field></shadow></value><value name="YVAL"><shadow type="math_number" id=".Vb/!O7cj^}ffu8-yU6I"><field name="NUM">10</field></shadow></value><value name="ZVAL"><shadow type="math_number" id="g[|q3=#]m%g@_MjH@gX`"><field name="NUM">2</field></shadow></value></block></statement></block></statement></block></statement><statement name="PLUS3"><block type="simplerotate" id="5uAaCsbrFJGZn`k|U)Z~"><value name="XVAL"><shadow type="math_angle" id="%T;aYra33UK5*O0pq?QL"><field name="NUM">0</field></shadow></value><value name="YVAL"><shadow type="math_angle" id="kD1YDAKx2ujwdQ)@!bEr"><field name="NUM">0</field></shadow></value><value name="ZVAL"><shadow type="math_angle" id="!gEv=@pksJlftdiODSHp"><field name="NUM">45</field></shadow></value><statement name="A"><block type="translate" id="!~Zu%{0j6y`64epAy8OS"><value name="XVAL"><shadow type="math_number" id="7=:?wxeXDF1Rem},zbKI"><field name="NUM">20</field></shadow></value><value name="YVAL"><shadow type="math_number" id=";Q*LhE[E|[!s5hXmy}5!"><field name="NUM">-30</field></shadow></value><value name="ZVAL"><shadow type="math_number" id="t*_G%38kh6nZZ^LJxIK:"><field name="NUM">0</field></shadow></value><statement name="A"><block type="cube" id="?j.cYJ1g%Em@w4Ay.U)W"><field name="CENTERDROPDOWN">true</field><value name="XVAL"><shadow type="math_number" id="trKTLJT{.mbFcn!Qq(63"><field name="NUM">5</field></shadow></value><value name="YVAL"><shadow type="math_number" id="k?n5`:ufTelxfJU6`8[7"><field name="NUM">20</field></shadow></value><value name="ZVAL"><shadow type="math_number" id="#(Br=*%/i1b:+MSK,HhC"><field name="NUM">2</field></shadow></value></block></statement></block></statement></block></statement><statement name="PLUS4"><block type="simplerotate" id="B/-Q:^o_{H[XV/lPZOfQ"><value name="XVAL"><shadow type="math_angle" id="I1I_Z/2fE8dbyeQ/:cf|"><field name="NUM">0</field></shadow></value><value name="YVAL"><shadow type="math_angle" id="Nk}S_O1FT1#:,(Xqj~zI"><field name="NUM">0</field></shadow></value><value name="ZVAL"><shadow type="math_angle" id="V9)?yh]:.UcAL:^EKaoZ"><field name="NUM">315</field></shadow></value><statement name="A"><block type="translate" id="eW,-g@0k_uXV?U;jB~A1"><value name="XVAL"><shadow type="math_number" id="(UWco5s+Tip*Kv5PcfDL"><field name="NUM">20</field></shadow></value><value name="YVAL"><shadow type="math_number" id="w.5mC.eu,`vrcNsFn3+M"><field name="NUM">30</field></shadow></value><value name="ZVAL"><shadow type="math_number" id="#^N,Kn+W5feYpPjHrx`8"><field name="NUM">0</field></shadow></value><statement name="A"><block type="cube" id="TIQ:/aWJlGm6GuclAn-6"><field name="CENTERDROPDOWN">true</field><value name="XVAL"><shadow type="math_number" id="RQqe`(+{)Xyrv#gLNIf-"><field name="NUM">5</field></shadow></value><value name="YVAL"><shadow type="math_number" id="JqMQugKexl8TS=qN.4rJ"><field name="NUM">20</field></shadow></value><value name="ZVAL"><shadow type="math_number" id="6Gxi?=H2nP#dc/-gyclv"><field name="NUM">2</field></shadow></value></block></statement></block></statement></block></statement><statement name="PLUS5"><block type="simplerotate" id="II6P1z/Q50kihCATyo_h"><value name="XVAL"><shadow type="math_angle" id="D9KwF#P-UZXz_bF{Hi0="><field name="NUM">0</field></shadow></value><value name="YVAL"><shadow type="math_angle" id="DN,-ko*jI{]6ES_,NR.7"><field name="NUM">0</field></shadow></value><value name="ZVAL"><shadow type="math_angle" id="RwgK8V:mecA_7aT[(4AX"><field name="NUM">47</field></shadow></value><statement name="A"><block type="translate" id="W5{9L}qe``UIp46t!(9_"><value name="XVAL"><shadow type="math_number" id="|c+49)B:zSnm4`GUf,)P"><field name="NUM">12</field></shadow></value><value name="YVAL"><shadow type="math_number" id="cz)c6Vo!ep38Jd/K_Umd"><field name="NUM">-2</field></shadow></value><value name="ZVAL"><shadow type="math_number" id=",76peBrD7Yi?[%pO?)(}"><field name="NUM">0</field></shadow></value><statement name="A"><block type="cube" id="2.l!S5U}Cs[_-F8b:xr["><field name="CENTERDROPDOWN">true</field><value name="XVAL"><shadow type="math_number" id="F#-j7[VN=Z+Kr:8s8)Vk"><field name="NUM">5</field></shadow></value><value name="YVAL"><shadow type="math_number" id="SiTx.nxVs2o},Tl(JX`B"><field name="NUM">20</field></shadow></value><value name="ZVAL"><shadow type="math_number" id="HxST(pAdSKA}RlzD#J9u"><field name="NUM">2</field></shadow></value></block></statement></block></statement></block></statement><statement name="PLUS6"><block type="simplerotate" id="p*PNjX2xs+MqS06=}t:}"><value name="XVAL"><shadow type="math_angle" id="-zWb`eQJ_/[R-5zK%yqT"><field name="NUM">0</field></shadow></value><value name="YVAL"><shadow type="math_angle" id="v`N^@On=X0FrWw4VEcx7"><field name="NUM">0</field></shadow></value><value name="ZVAL"><shadow type="math_angle" id=")J^}4udud(%Cs_ZLfw:O"><field name="NUM">313</field></shadow></value><statement name="A"><block type="translate" id="x_FUkDHlCHNOI:n[JsX7"><value name="XVAL"><shadow type="math_number" id="bgco5O0+_c7FJ%{78dd%"><field name="NUM">12</field></shadow></value><value name="YVAL"><shadow type="math_number" id="[lK*k,{i__K^T0z}-#Q{"><field name="NUM">2</field></shadow></value><value name="ZVAL"><shadow type="math_number" id="}2U1F.^p-,2CJ93DE{?t"><field name="NUM">0</field></shadow></value><statement name="A"><block type="cube" id="{5Sq3O9yj3}In{S3IP|L"><field name="CENTERDROPDOWN">true</field><value name="XVAL"><shadow type="math_number" id="jlm/fD83;[TQ3KjC2BST"><field name="NUM">5</field></shadow></value><value name="YVAL"><shadow type="math_number" id="U~r,m:yQKTb`hZ7KbScU"><field name="NUM">20</field></shadow></value><value name="ZVAL"><shadow type="math_number" id="M+i%~n|PP7H:iv|AbT_O"><field name="NUM">2</field></shadow></value></block></statement></block></statement></block></statement><statement name="PLUS7"><block type="simplerotate" id="M%Ywf)J_XQ7n,s82(YOZ"><value name="XVAL"><shadow type="math_angle" id="ytCQ:X,CiL=9U?j:d|?3"><field name="NUM">0</field></shadow></value><value name="YVAL"><shadow type="math_angle" id="auHaMkI-N5EZFZ,#1MWg"><field name="NUM">0</field></shadow></value><value name="ZVAL"><shadow type="math_angle" id="Y[.6JBphC,4Ks%GZ:m,T"><field name="NUM">121</field></shadow></value><statement name="A"><block type="translate" id="%L]a}-bP%)m(-5#)dJP%"><value name="XVAL"><shadow type="math_number" id="`}NM#-ECa{o56Yn9*q6O"><field name="NUM">-20</field></shadow></value><value name="YVAL"><shadow type="math_number" id="{VT,FDAr%,12b`+Tu1U+"><field name="NUM">-18</field></shadow></value><value name="ZVAL"><shadow type="math_number" id="6RZL[Zez.uLn,#3-OKIG"><field name="NUM">0</field></shadow></value><statement name="A"><block type="cube" id="b1X}hqRKUW;Z5fiO-I4m"><field name="CENTERDROPDOWN">true</field><value name="XVAL"><shadow type="math_number" id="1hOGd%lDi4F0Q0W},-6."><field name="NUM">5</field></shadow></value><value name="YVAL"><shadow type="math_number" id="4b[Le@Fuff@zS%xV{nek"><field name="NUM">16.5</field></shadow></value><value name="ZVAL"><shadow type="math_number" id="TdUlVyB}cnm7%1NiN]{I"><field name="NUM">2</field></shadow></value></block></statement></block></statement></block></statement><statement name="PLUS8"><block type="simplerotate" id="m[Rdw~]`9THHn`ECN;Jd"><value name="XVAL"><shadow type="math_angle" id="1`o;JK.._:ca{`aOa@AU"><field name="NUM">0</field></shadow></value><value name="YVAL"><shadow type="math_angle" id="S89/p1%%.6LREeM,b,mI"><field name="NUM">0</field></shadow></value><value name="ZVAL"><shadow type="math_angle" id="78Mukeab6Gwp`J2|)(P~"><field name="NUM">59</field></shadow></value><statement name="A"><block type="translate" id=")5-Kr%{y^sA_}H-hZYLE"><value name="XVAL"><shadow type="math_number" id="6_w|7p+^qKxu1dF2B98["><field name="NUM">20</field></shadow></value><value name="YVAL"><shadow type="math_number" id="a|?u}e56;T8lEH~Q#%r9"><field name="NUM">-18</field></shadow></value><value name="ZVAL"><shadow type="math_number" id="}3tzsw7Lmw4%P{`5^B4`"><field name="NUM">0</field></shadow></value><statement name="A"><block type="cube" id="GJ):Q%5g*uzyjhmAWd7J"><field name="CENTERDROPDOWN">true</field><value name="XVAL"><shadow type="math_number" id="TG3ltoy@Z)h^4vt0r:3O"><field name="NUM">5</field></shadow></value><value name="YVAL"><shadow type="math_number" id="N;HN:UG8X1PwUf]Yfzhm"><field name="NUM">16.5</field></shadow></value><value name="ZVAL"><shadow type="math_number" id="x[kM1-EBhTVW0%7qZC6G"><field name="NUM">2</field></shadow></value></block></statement></block></statement></block></statement><statement name="PLUS9"><block type="translate" id="?BD}NXWuukNtHT+dn@!?"><value name="XVAL"><shadow type="math_number" id="LJn(hVRGoO)~1KI@B)7p"><field name="NUM">55</field></shadow></value><value name="YVAL"><shadow type="math_number" id="Co2U(wS2er=5qvV|MUlr"><field name="NUM">0</field></shadow></value><value name="ZVAL"><shadow type="math_number" id="MD^Q5KYeB2U|sRydB2|y"><field name="NUM">0</field></shadow></value><statement name="A"><block type="cylinder" id="p?GUha,!qp*{VC7fIyrb"><field name="LOCKED">TRUE</field><field name="CENTERDROPDOWN">true</field><value name="RAD1"><shadow type="math_number" id="DyCU%VTnFxl)UpACEYH_"><field name="NUM">5</field></shadow></value><value name="RAD2"><shadow type="math_number" id="NbP*iQ/xYKGrr:}P`O9h"><field name="NUM">5</field></shadow></value><value name="HEIGHT"><shadow type="math_number" id="hAbr6SFluR`WC3hdf:CJ"><field name="NUM">2</field></shadow></value></block></statement></block></statement></block></statement></block><block type="translate" id="Mw(Q!0.V~nz0_^#6=q=a" x="-456" y="1025"><value name="XVAL"><shadow type="math_number" id="9zuU69(`Q!2]1e@B!(J2"><field name="NUM">60</field></shadow></value><value name="YVAL"><shadow type="math_number" id=";AZ5Z?963b9U`azJq#Z2"><field name="NUM">1.1</field></shadow></value><value name="ZVAL"><shadow type="math_number" id="xUUoE3|FJM}~`*[Xf!dz"><field name="NUM">0</field></shadow></value><statement name="A"><block type="torus" id="V/]LWr]NTnKqC-GTJPH%"><value name="RAD1"><shadow type="math_number" id="m},hmaffp#2),c:;.!@r"><field name="NUM">4</field></shadow></value><value name="RAD2"><shadow type="math_number" id="#h7{gQdJ`5j2w?#vR2#("><field name="NUM">1</field></shadow></value><value name="SIDES"><shadow type="math_number" id="wn*g1z*gUYvfE]Mm[g,b"><field name="NUM">8</field></shadow></value><value name="FACES"><shadow type="math_number" id="Diz,O/TXl3Amy=tnVLSi"><field name="NUM">16</field></shadow></value></block></statement></block></xml>